"","x"
"cg00583861",-1.71997695815838
"cg04551619",3.07967321487359
"cg07346648",-0.116870382301846
"cg11135108",-0.934024502319159
"cg15564619",-1.73517326761103
"cg18342253",-3.2337714466519
"cg19406511",-1.29217319036778
"cg20817062",-1.52144923517849
"cg21147983",1.00302141382051
"cg25367926",0.908472117974467
"cg06202737",-2.34787824537571
"cg06500852",2.20196315083658
"cg12070646",2.04333593805057
"cg13393505",0.56329418100915
"cg19302979",0.588122219533738
"cg24541021",1.61072817330932
"cg02573703",0.0418726872485248
"cg27182106",-1.90262811395385
"cg24789434",0.902664982655789
"cg01930924",1.87707601160931
"cg18779601",-1.86198754011909
"cg21050001",1.53306180090271
"cg26929261",-0.508376688059675
"cg00084338",-0.628763644929727
"cg01883425",-0.923726024521341
"cg02362020",1.90804019315772
"cg09363735",-2.96614502185816
"cg09645574",-1.22623238729013
"cg13829419",-1.80323844990569
"cg17719126",3.88478920966434
"cg17959970",-3.54550323492996
"cg19046933",2.14229282108663
"cg22481950",-0.607544732089547
"cg27246129",-0.712054619483211
"cg01448276",-3.20458095547953
"cg08389503",3.25744167042596
"cg10532908",0.270936072542999
"cg12551957",2.1384389283497
"cg03748310",2.92122594123654
"cg11893955",2.14424497731769
"cg15659713",-2.51861185278556
"cg21044797",-2.75811640544066
"cg21608792",-1.03065397179988
"cg26232553",0.003672901697898
"cg13622265",0.270605738934228
"cg13876222",2.46322830008666
"cg14050824",3.90214174142832
"cg14384303",1.54866180408465
"cg03677069",-1.42263472691088
"cg09287328",1.33164976246893
"cg12451837",-0.677620211147661
"cg13714026",0.0762952730672319
"cg13834844",-2.22205369037986
"cg19343449",2.29761138097734
"cg19871722",0.23245575654762
"cg01566127",-3.91135837612349
"cg04811534",2.20860152989128
"cg15863552",3.31104525745572
"cg17446654",-2.90390824500009
"cg17518931",-2.57974433330543
"cg19043798",-0.792181090601512
"cg21169203",-3.40171836181998
"cg25038954",2.23166222952634
"cg02158978",-0.542725337745795
"cg13038544",1.56498468521699
"cg24773770",0.51773643378601
"cg15975806",-1.54850393082954
"cg18020065",-0.656400977797231
"cg24995008",3.62029082569988
"cg00705661",3.20240819578216
"cg09312564",-0.428030872787065
"cg14144229",0.121711154402532
"cg16717713",-2.0092157262961
"cg18554485",-3.26055636636596
"cg22672067",-1.19175599658628
"cg24033558",-1.87044519248863
"cg01603508",2.9923934150134
"cg04806177",1.81080500412159
"cg07466085",-2.13316471053028
"cg07548791",-0.237343417073847
"cg09596260",3.13291961823692
"cg16757281",-1.83564066344429
"cg03361789",1.46193088061226
"cg04308797",3.0619547115225
"cg05299140",0.771073035921361
"cg08103988",-3.11576755137025
"cg09473315",-1.8690524780778
"cg11001581",-1.77056606346625
"cg11636557",-2.37609100683503
"cg11969213",-1.24953389062524
"cg15094819",-3.06245454873718
"cg15944684",-1.25705221860724
"cg25876186",3.37692801918929
"cg00378510",-1.68009164944669
"cg08196968",-1.61268937639699
"cg19517476",2.901128703893
"cg04288049",3.33105397747905
"cg06207052",-2.24699579745255
"cg08686311",-3.45804194443144
"cg13283635",-0.4788327016231
"cg22551578",1.95970918569907
"cg24733560",1.79828071676065
"cg06758350",-2.41427538988498
"cg02923264",-1.65001709022048
"cg16157016",0.684487597618721
"cg27387888",1.75529090745664
"cg00103398",0.277761892463692
"cg00546153",0.0143915813837131
"cg00663000",0.345797621396355
"cg00714874",-0.172738482930961
"cg00981443",0.767423486954872
"cg01003724",1.42523803127647
"cg01233392",-0.35421114177971
"cg01598007",-0.501142188073859
"cg02101812",-0.738570167143372
"cg03036777",1.81724817784527
"cg03214385",1.41897200396576
"cg03315764",-2.66700347164524
"cg03516270",1.76820821423997
"cg03681926",-1.85788679033104
"cg03794445",0.766723261241098
"cg03946955",-1.75451180317425
"cg03991120",0.418431687894542
"cg04147929",1.29115271124434
"cg04275362",1.62632121903035
"cg04482817",1.41711137941067
"cg04816302",-2.38465260408115
"cg04872603",1.51511862912385
"cg04923840",-0.105802456360135
"cg05005073",0.488391721969705
"cg05138148",-2.16740152468453
"cg05348973",-1.85398609983746
"cg05780006",1.375169665703
"cg05781609",-0.111152300498809
"cg06161657",1.00688151528428
"cg06180389",-1.42635874166968
"cg06379531",-2.51380956151157
"cg06638529",-0.589817948234207
"cg06885757",0.0364003368434672
"cg06933072",0.597073959796243
"cg07112087",-0.413331048705753
"cg07175197",0.390241467714962
"cg07229301",1.2394385513508
"cg07363657",0.82677797870212
"cg07398352",0.428259261411341
"cg07560447",-3.23793671559326
"cg07719786",0.440965448436243
"cg07804289",0.890746550471845
"cg07896855",0.0115615606417674
"cg08023265",-1.8241593586704
"cg08129759",-1.51298005033599
"cg08877463",1.14979914849168
"cg08922317",0.97149427850803
"cg09139451",-2.44384002624689
"cg09556527",0.951679684746453
"cg09788693",-0.921229690159911
"cg09874213",-1.11606903231124
"cg10241183",0.105945178427674
"cg10246448",1.07307427203886
"cg10425291",1.18843450863817
"cg10574861",-0.0203648665794634
"cg10653240",-1.75623076836342
"cg10821976",0.651374592199238
"cg11196333",0.596947299073442
"cg11414742",-0.657702674996338
"cg12125780",0.629744110864759
"cg12769118",0.609831522216994
"cg13369817",-0.515299721768475
"cg13688474",-1.0669231012707
"cg14028856",0.567491624468857
"cg14613228",0.810329346614588
"cg14987607",0.973924853053092
"cg15328271",0.365262797345949
"cg15458577",-0.719434036861715
"cg15897315",0.93555141137551
"cg15900052",1.89887791613838
"cg16056164",0.663526882328736
"cg16308270",-0.0247409547191953
"cg17515145",-1.60533129467755
"cg18181492",0.611609271444637
"cg18273593",-0.717183479996385
"cg18369654",0.763656499136942
"cg18375642",-0.219497470033198
"cg18486150",-2.31963299301862
"cg19895786",-1.11039438285145
"cg19899225",0.839552609743584
"cg20611334",-0.330938155670102
"cg20694572",1.17025669282549
"cg20948151",0.105421069040152
"cg21196487",-1.88913026676446
"cg21417627",0.700453566337359
"cg22043936",2.10099009326279
"cg22175494",1.46292241516463
"cg22228748",0.293779875446007
"cg22230604",-2.16636176857747
"cg22367872",1.01937869915473
"cg22446206",-1.37860577259096
"cg22536775",-0.71599378993231
"cg24117315",0.416691218876641
"cg24495667",1.35281489213571
"cg24731625",0.326775783252037
"cg24927687",0.192999559629586
"cg25743622",0.493951669911192
"cg25843580",0.621116731557558
"cg26314722",-0.233529101429247
"cg26371327",0.382017582406193
"cg26556529",1.36984675473891
"cg27294168",0.477071810353783
"cg27535885",0.838571453077305
"cg00347673",1.28208164027982
"cg00508817",1.83078960670059
"cg00880741",0.59957794502
"cg01002570",0.909876849660611
"cg01094950",-0.385875147910435
"cg02380135",-0.0462789073635432
"cg02543470",0.407203072468013
"cg03064940",0.883426110129911
"cg03157115",0.634253978262598
"cg03744893",1.72221105622948
"cg04144365",0.187151476605999
"cg05172061",2.42264407267664
"cg05418915",-1.14478557848309
"cg06392753",1.0260000068266
"cg07055315",-1.36963739845515
"cg07158040",1.13806942855357
"cg07903472",0.31443568182605
"cg08053523",0.795598650137691
"cg08426369",1.85244251650821
"cg08471173",-0.452709444624723
"cg09399716",-0.830018209515314
"cg10505761",-2.27608547050253
"cg10812717",0.291857386743276
"cg11346754",-2.53666909409216
"cg11479811",0.0804252019933045
"cg11644052",-1.1536898154491
"cg12407784",1.26892499368295
"cg12804104",0.968832230337001
"cg13521797",0.0191581878289419
"cg15066967",2.1198541050238
"cg15299997",-0.759583711015924
"cg15638366",-0.269133979710585
"cg15774334",0.268375609663327
"cg16338280",0.142451812240959
"cg17474004",2.14911230290946
"cg18912768",0.524583057226638
"cg19074292",1.33888866068263
"cg19124521",-0.385032473122088
"cg19788941",0.233253283176262
"cg19828537",0.437864802096134
"cg20176388",-0.661212916112764
"cg20520115",1.12253531538788
"cg20731529",-1.54891374123063
"cg20966539",1.39275934763165
"cg21213426",1.99338180110811
"cg21646471",0.759942918418419
"cg21932231",2.11244021613302
"cg22050792",2.20086472796944
"cg22393213",-2.38699451298702
"cg23101885",0.59883067067234
"cg23367358",0.580591867356207
"cg23399173",-1.30684353044182
"cg24213248",0.645679753162978
"cg24549161",-0.116434260524856
"cg24995347",0.593044591685017
"cg25268863",0.17575773500359
"cg25438746",1.00538376983395
"cg26312337",0.717874584226828
"cg27490568",0.494464491791793
"cg27597853",-1.45643942362156
"cg27623769",0.119400526092918
"cg01855070",-1.41914229824598
"cg02005664",1.53991192873516
"cg02026180",-0.273884731767994
"cg02058357",0.0353516149080826
"cg02523305",1.72615576723707
"cg02828993",1.46140690590332
"cg03018380",-0.660618086442861
"cg03435448",-0.258583531462719
"cg05570980",-1.89826777828114
"cg06103243",0.821181713395777
"cg06784602",-0.971024773868754
"cg07054668",0.645001309173441
"cg07056242",2.56863975266033
"cg07287167",-0.843223598746139
"cg07777540",0.699756440235414
"cg08028452",0.359227798211879
"cg08072840",0.516120689212174
"cg09811393",0.0494722360273098
"cg10126931",1.11126560542035
"cg10358197",0.0627788175127608
"cg10930676",1.24834964820113
"cg10944383",0.754807335277298
"cg11384014",-0.260512399933801
"cg11595270",-0.87643055813543
"cg12155036",-1.71313654857289
"cg12405098",0.725427441100255
"cg12458207",-1.05004991577496
"cg13261802",1.40405347483534
"cg13511885",-0.333936446637406
"cg13781758",1.75420918525719
"cg14659547",-0.366149466113268
"cg14993430",1.15678980304638
"cg15213122",-0.039761575336255
"cg15283967",1.78463691296096
"cg15685811",-1.6920734775532
"cg16098726",1.76763193674134
"cg16259362",0.778504201830591
"cg16523115",-0.0388890696527355
"cg16663891",-0.408077416540253
"cg16706546",1.05068316319048
"cg16854533",-0.355903609486986
"cg17631451",-2.07832279348684
"cg17786845",-0.244586617495018
"cg17820229",0.782810216340871
"cg18089380",0.904483734786942
"cg18276599",1.03061028089869
"cg19440734",-0.878725042035324
"cg19498178",-2.30308435477788
"cg19980260",-2.86060423105424
"cg20176220",1.85016374065491
"cg20498563",-0.236153928295669
"cg21221540",0.662914741254829
"cg21458593",1.72369532015218
"cg21572731",-1.76412667094984
"cg21585306",1.54884414884437
"cg24298409",1.92825660180533
"cg24374013",-0.621308437688858
"cg24431372",-0.856605304968544
"cg24632873",0.438049151296397
"cg24838136",1.41698536378745
"cg24868271",0.256209034901112
"cg25262261",-0.305533541553997
"cg25597307",1.96482996780239
"cg25616869",0.591156756786341
"cg00277233",0.685704159719007
"cg00650386",1.22902894185648
"cg01106419",-0.0710624125989618
"cg01615271",0.869917224181339
"cg01901089",0.530169143155729
"cg02216535",-0.00435988910988757
"cg02883604",0.773490461545369
"cg03732759",0.171203754782177
"cg03743580",0.182737111709754
"cg04881673",-0.476320318159888
"cg06704884",-0.817774909956478
"cg07244783",1.10227257940803
"cg07275757",0.279331196804377
"cg07854954",-0.0166435210897566
"cg08167110",0.113931980749634
"cg08229127",0.722696790308181
"cg08735710",0.405613871897367
"cg08817120",-2.79172669325451
"cg09168222",1.36167440534168
"cg09232805",-0.823550304996028
"cg09472821",0.164057394975177
"cg09568483",-0.501660967547643
"cg09852389",-1.27090529846317
"cg10189763",0.970903478164134
"cg10376838",-0.888666777238208
"cg11239175",0.769814826221596
"cg11569478",-0.434719674138826
"cg14095959",-0.24841502130842
"cg16028169",0.448051455231424
"cg17429887",-0.0452701772770782
"cg18101028",1.39518726614422
"cg18720506",0.169528698966712
"cg19850370",0.0956113515295269
"cg20086219",-1.03774623824215
"cg20254658",0.415093436452707
"cg20818457",-0.229999150182945
"cg21620606",1.82568212674099
"cg23488414",-0.744351804995459
"cg23746628",0.0205886139687588
"cg24074177",1.0083924565004
"cg24807169",-0.360445004267495
"cg25117600",-1.58015211603745
"cg26306052",1.56499809102124
"cg26838398",0.671448524776413
"cg26874341",-3.16522905805281
"cg27060793",0.288547418090743
"cg27488503",-0.965153322409139
"cg02292949",0.987945238512185
"cg02486497",-1.58643889346256
"cg02487987",1.33312301746967
"cg03183936",-1.04579506715994
"cg03326188",-0.950278658203991
"cg03864479",-0.782913722013607
"cg04547002",-0.664698307651561
"cg04671476",-0.0594653816556667
"cg06643056",0.627202475527658
"cg06961539",0.426820928026948
"cg07369094",1.46090135923422
"cg07525267",0.550831769065025
"cg08391380",0.875965696842959
"cg08392199",-2.03070735500519
"cg08583763",-3.35165327333197
"cg08750510",-0.261242039666218
"cg08898055",0.268143332941396
"cg08939847",0.895294359680503
"cg09146813",-0.179822822169588
"cg09551613",-0.863402840353367
"cg09560636",-1.70120596568901
"cg10426370",-0.354691543837977
"cg10497023",1.11530100044745
"cg11190434",1.854322210407
"cg11339912",1.06294023669497
"cg11948905",0.402653761020797
"cg12602374",-3.07122203811452
"cg13000136",-2.67934365848705
"cg13384849",0.493554309228825
"cg13657884",1.69091593092875
"cg14088181",0.482967217337787
"cg14746387",-1.61332726765085
"cg16578742",0.777550137969643
"cg17484237",0.508138312248762
"cg17642774",0.414183639346719
"cg17809170",0.585235748920231
"cg18372930",0.0264885104347501
"cg18682923",1.50126483341756
"cg19562321",-0.240046464436168
"cg19820287",-0.424642039038677
"cg20075683",1.14036751417193
"cg20755989",-0.946720565403952
"cg21590753",-0.0999231732474327
"cg21910709",-2.34910007939868
"cg22030962",0.991283814964788
"cg22143387",2.15557301163374
"cg22464570",1.45862564713393
"cg22556768",1.98511188432714
"cg22672639",1.31646666982423
"cg22836605",-0.0472019670461811
"cg23414262",0.848371939163139
"cg24131671",-0.227731368552763
"cg25324653",0.293542494932953
"cg25774020",1.0185035201631
"cg26067259",-0.333255440044715
"cg26377880",0.0479855905795625
"cg27302175",-0.0511316970635202
"cg01254264",-0.472323065161687
"cg01520105",0.488011366073836
"cg01632562",-1.01536677108321
"cg02066343",0.536407922565675
"cg02145482",0.163285399324391
"cg02271790",-0.48979830747965
"cg02654940",0.206665985278579
"cg04387592",1.55928430907479
"cg04401763",0.385263332662355
"cg04424621",-0.403137912348461
"cg05218678",-0.13412154496454
"cg05283184",0.110612551118291
"cg05394840",0.40431939150713
"cg05659486",-0.499204076745321
"cg05952475",-1.4201590184224
"cg06612023",-2.71746937341894
"cg06755262",1.17673469409658
"cg07088771",-0.127699378105937
"cg07252363",-0.596620335649182
"cg07470830",0.464494334087056
"cg07492590",0.450962143944187
"cg08712118",-0.254833015951151
"cg09148630",1.15115282643121
"cg09248660",-1.0147331213587
"cg09754197",0.894440700655695
"cg09837169",1.56875815755902
"cg11071407",1.21319284782869
"cg11171094",1.23317535495267
"cg11582014",-0.0503782167618296
"cg12831863",-0.915106176536909
"cg13380995",-0.0423013024816586
"cg13540060",0.0616603916170337
"cg13826452",-2.66508498378876
"cg15476894",-0.891369614810195
"cg16249340",1.81474146002293
"cg16284213",-1.08926032052906
"cg16309622",1.06182703978811
"cg17478749",-1.53083696321471
"cg17566175",0.618195900243581
"cg17591573",2.01650252662003
"cg19366835",-3.06849197881551
"cg19489146",1.52806977750896
"cg19657351",-3.21794570317657
"cg20329486",0.653765430111238
"cg22053720",0.0294754539332571
"cg22089736",1.99545387500582
"cg22366909",0.969617246610014
"cg24252536",-2.64043928114373
"cg24690479",-0.643251162773581
"cg24698655",-0.29334478703625
"cg24768187",0.29605674841272
"cg26321999",-1.94482660294915
"cg00734592",-3.06161979993231
"cg01213645",0.4660060571451
"cg01506471",1.34410294406907
"cg02539809",0.325745699559778
"cg02544502",-1.94310276570203
"cg02746514",0.874684493941329
"cg03295107",-1.10139796671432
"cg03485311",-2.7417511377085
"cg04070188",-1.23245926224284
"cg05243629",0.487469891864049
"cg05427639",-0.603239531370191
"cg05970317",1.84610900237625
"cg07033253",1.51173347868607
"cg07123608",1.46444371203169
"cg07184228",0.174860407505994
"cg08352439",0.49731693414117
"cg09679945",-0.592814448458794
"cg10243939",-2.48047557879017
"cg10401362",2.09444292400841
"cg10960700",1.66202724213561
"cg11479380",0.522875623796665
"cg11616676",0.774153442920071
"cg11849717",-2.39202799290748
"cg12187165",-0.562100875048687
"cg12651599",1.65066263592208
"cg12692727",2.30823794585814
"cg13103485",-0.105494742032228
"cg13462957",-0.740846872101668
"cg15881944",1.81603190941132
"cg16402875",-0.129583176330956
"cg16875104",-1.88735339889649
"cg17099954",0.913887938832029
"cg20071949",-1.48354648408815
"cg20349598",1.23697895919343
"cg21162828",-0.220615563563833
"cg21403761",-0.407707578576153
"cg21577356",0.367852761929117
"cg22586324",2.39054990179395
"cg23625466",0.7731429962288
"cg25065239",1.50428523510425
"cg25120444",-0.944894057154307
"cg25270424",1.31744786381756
"cg26546105",-2.49181236963329
"cg26576047",0.486100706560723
"cg00577488",0.125851171595382
"cg01659279",1.55223677345433
"cg01957585",1.45734405849038
"cg02481848",1.26973032952392
"cg02486421",-0.920978420317873
"cg04208996",-0.207137900678326
"cg04217082",0.886241471659385
"cg08498833",-0.0648652638346986
"cg08608523",-0.169138053824642
"cg08954353",-1.26935914653515
"cg09100373",0.877175985102876
"cg09441820",0.312968426954789
"cg10825040",-3.37736775395262
"cg10941185",0.368920867683481
"cg12185975",-0.856904885924639
"cg12195808",2.33802322216628
"cg13461821",-0.391133672230168
"cg13603914",1.08172104561026
"cg14260002",-0.460626125594879
"cg16113188",1.58524365411752
"cg18332838",-1.14943767496697
"cg18444544",0.0763341151638102
"cg18581669",2.82872199306533
"cg18757405",1.12193896184188
"cg19790640",0.756478501997663
"cg19851416",1.49025729059225
"cg21666956",1.6803819975964
"cg22454686",-1.08796070515994
"cg23732024",1.06141094174338
"cg23746518",1.77538830535461
"cg24257495",0.464167240804103
"cg24264285",-0.289217290101164
"cg02169542",1.13591144927473
"cg02853418",0.43341210119731
"cg04293877",2.31535626382725
"cg05152713",0.320777623406328
"cg07084627",-0.875816345848694
"cg12972233",-1.62810246580086
"cg13596208",-3.20693045874329
"cg14071612",-0.388828596372194
"cg14161107",-0.794799118960981
"cg14179065",2.48983473881754
"cg14347300",-0.572147760813411
"cg14400672",-0.433459337376323
"cg14414100",-2.1330931237081
"cg14530275",-1.58508376719613
"cg14538930",1.80906884596752
"cg15271616",-0.134315916577576
"cg17701168",-2.02250062325339
"cg21250061",0.916392330427893
"cg02007434",0.899161514079368
"cg02937751",1.44195274064593
"cg03974204",1.76325004228643
"cg04302492",1.87345362031863
"cg04768368",0.382306672821117
"cg04942107",0.128025286203808
"cg05066621",0.72672519859896
"cg05324516",-0.2376710167212
"cg05448271",1.90584205336949
"cg06416034",-0.380653598673194
"cg06870728",-1.42223277210499
"cg07209624",0.241131163839385
"cg07996555",1.1891065598858
"cg08229320",-0.321050302935565
"cg08740223",-0.83666456784589
"cg08871356",1.52903928633486
"cg09035552",2.20025482727002
"cg09073441",1.33202532655555
"cg10080966",-1.84980279866793
"cg11688410",-1.65852571684443
"cg12323347",-2.20438694245758
"cg14330737",1.86436372879173
"cg15780078",-1.07248619252148
"cg16200736",1.28250161425228
"cg17120273",1.62103671391132
"cg17827470",0.731309467340252
"cg18273412",0.691790892328656
"cg19578660",-0.099600920318919
"cg19649172",1.76366280829093
"cg19864370",-1.20864822891519
"cg23211835",1.51506007531515
"cg23599026",0.145828332247608
"cg23754392",-1.72690903085582
"cg23914149",0.0377802268927074
"cg25387309",2.60779892266313
"cg25536137",-1.10986834476072
"cg25788513",0.623199321310985
"cg26212135",0.679976742538828
"cg26298855",-0.153759025322636
"cg26781482",-1.23181147040965
"cg27141509",0.828863222044074
"cg27630957",-0.351826958285435
"cg00211115",-1.16241542453657
"cg00374747",-0.918118191994695
"cg00489394",-2.25127461520531
"cg01178601",2.44201315305344
"cg01522437",0.458955733797199
"cg01904296",-0.262626498066422
"cg02024466",1.68682132261019
"cg02347989",1.78133777675944
"cg02719634",1.01891660129712
"cg03045325",0.814607360250476
"cg04703318",1.42519775119816
"cg05565708",0.991566137736054
"cg05815275",-0.816971016350017
"cg06098693",2.14002527765667
"cg06595154",-0.283904994019029
"cg06917772",-0.714254729922626
"cg07636225",0.284422098943176
"cg08133755",-0.853056454130421
"cg08509586",-0.0889395820013697
"cg08995609",-1.61954744754692
"cg09739212",0.647109306733789
"cg10397930",2.06445585237541
"cg10672108",1.21426642129125
"cg10832281",-0.25591623718596
"cg11281320",0.852584951020126
"cg11516654",0.625216259948279
"cg12223997",-1.16707022492215
"cg12256550",-0.610881697948323
"cg13372231",0.508379913678617
"cg13857519",0.335891357981845
"cg14603227",-1.38182472741873
"cg14705695",-0.284772633992564
"cg15480475",-0.0950580571782654
"cg15489541",-1.56467952231576
"cg15700009",-2.02122060879549
"cg16733419",1.06213044084868
"cg18536644",-0.806846254665877
"cg18560551",-0.795084204228261
"cg18920846",1.82339161133064
"cg20446143",-0.313295196393613
"cg20847924",0.193101877038269
"cg20962532",1.18886978201491
"cg21197233",0.578607150408812
"cg21664351",0.637002760084072
"cg23554917",1.23437735517797
"cg23709079",0.535408386080468
"cg24512005",-0.961523859493395
"cg24530510",0.641867807421955
"cg24619694",1.58713333820255
"cg25124966",-2.28193365008429
"cg25406518",-0.439989317273914
"cg25637966",-0.380077462092775
"cg26388177",1.28650130627306
"cg26996175",-1.46440317667858
"cg27158472",1.48583196481232
"cg27240158",-0.722085662679163
"cg00105041",0.927123565943383
"cg00604736",1.6713113017806
"cg01016169",0.490471553956566
"cg01668352",1.439270910122
"cg01817067",-0.931337136293308
"cg02305251",1.56069681524819
"NA",NA
"cg03802486",2.00430592243261
"cg04046238",1.13351256304496
"cg04574480",-0.0428972674556316
"cg04682969",0.493767434303806
"cg04771285",-1.12501577891977
"cg04887066",0.216982664184936
"cg04950824",-1.85973079314522
"cg05502439",1.59276121304468
"NA.1",NA
"cg05858136",0.298130547765655
"cg06208382",-1.58204886080476
"cg06392241",-1.49258216295311
"cg06868955",-0.459146237978082
"cg07017706",0.591597655341232
"cg07443287",-1.77717662209178
"cg07699978",0.440783901662336
"cg08688317",0.384321567285708
"cg09093210",-0.499851810929688
"cg09679558",0.538287211324711
"cg09740133",-1.70668866134497
"cg09942736",1.27412424441768
"cg11878254",0.0514753215107873
"cg12806797",-0.298559743738231
"cg12894524",0.484948689487914
"cg13298538",0.816620761042467
"cg13484901",0.518700194182435
"cg14189750",-1.39519576140164
"cg15460816",1.13848455777382
"cg15470658",-1.46896113353797
"cg15659537",0.726780443441902
"cg15893360",0.228336465707334
"cg17052212",-0.587865457261907
"cg17965159",0.971882244846198
"cg19985911",1.37559780822251
"cg20406728",1.2153903762154
"cg20473420",0.218014415559367
"cg21523613",-0.284969428355586
"cg21531873",0.885470730868663
"cg21575634",-0.361470060473045
"cg21787848",0.708458182804638
"cg21864961",0.50645435676171
"cg23021059",0.448743786145074
"cg23131355",0.00689102902418936
"cg23442621",-2.20534104890141
"cg24284036",0.839585996226045
"cg24428144",-1.67399601440942
"cg24727480",-2.18025385625109
"cg26215727",-0.197465280845237
"cg26386886",-2.56708573587242
"cg27151135",0.790687584698788
"cg27423216",-1.40768486603247
"cg00635522",2.1450916535522
"cg01175039",1.79322520243054
"cg01863042",-0.112929075238091
"cg02452491",-0.00965275288203028
"cg05268155",-2.09241314403944
"cg06440361",1.30930600217441
"cg08810464",-0.118630492715231
"cg09072216",-0.00933600018172488
"cg10787713",2.00747859315199
"cg10811485",-1.40844374426262
"cg12120741",0.140344160834087
"cg12861503",-1.92001640250891
"cg13054419",-1.13606924604182
"cg16969872",-0.875287340117392
"cg17444849",2.02894677889737
"cg19996420",0.326867616224883
"cg21031035",0.0560673545272718
"cg21622568",2.17829658914299
"cg26068090",0.730929595129131
"cg26400954",-0.860497666985757
"cg00820637",1.51575286928929
"cg01839954",1.99755712429313
"cg02893348",-0.223884699256519
"cg05175318",-0.267925547558773
"cg05291282",1.40597874530203
"cg05478628",1.61002452246337
"cg07065217",-1.21496511227838
"cg07502782",1.21277832740919
"cg07519495",0.211548918692612
"cg07922154",-0.963433616432428
"cg11745444",-0.100185858696846
"cg12173661",2.15769429850439
"cg12816876",-0.11384653280369
"cg13810457",0.0913997787264542
"cg13994599",1.25208589530126
"cg15408360",-0.999531003986217
"cg16124934",0.360067682592244
"cg16689937",-0.367777381264357
"cg18238340",0.952376123066944
"cg18906360",0.801624437319958
"cg19622874",-1.25291209184416
"cg20009354",-0.269814382926661
"cg20018782",-0.922670122628119
"cg21207436",0.136820543701789
"cg21836117",0.361844483281679
"cg23323891",-0.0955813198636976
"cg23714481",-0.924183157970471
"cg24040751",0.908539572948649
"cg24162781",1.42199059815668
"cg24642523",-2.41644675250818
"cg26382173",0.995869801490404
"cg00075967",-1.80191232878711
"cg01359165",0.533997698106537
"cg01375075",-0.667554363570007
"cg02253142",1.35978682704979
"cg03197032",0.346135838557351
"cg03846881",-0.619986901321001
"cg06000144",-0.917320509825468
"cg06069100",-0.719795560115475
"cg06629700",0.505082676587306
"cg07069934",0.326101559620905
"cg07921712",-1.75838816649646
"cg09262974",0.617766326577209
"cg09365240",-1.013482689635
"cg10504066",-0.254037241930043
"cg12452386",0.53927506065464
"cg13497315",1.58746288197959
"cg13594465",1.57304208745712
"cg14205663",-1.53203947576851
"cg14573810",1.68676496879244
"cg15274202",0.662602543650694
"NA.2",NA
"cg16226627",-0.576480205473845
"cg17048700",1.9159060784062
"cg17972655",-2.4959217396114
"cg18183774",1.37789766611268
"NA.3",NA
"cg18978531",-2.34874917434157
"cg19667460",0.94417152912063
"cg19831698",1.44216932238813
"cg22395255",0.774789395460014
"cg22979123",0.503912944271166
"cg23683012",-2.53175424444982
"cg23772928",1.92842518181241
"cg24653181",-2.08391435097526
"cg25244921",1.17801092357985
"cg25406657",1.89609839348337
"cg25623473",1.65633330519511
"cg25839482",-2.00724626402443
"cg27275698",1.3557075601259
"cg01264729",1.07684463583876
"cg01704105",-1.54867661542236
"NA.4",NA
"cg02225847",-1.73577794572112
"cg02265619",0.953925505010164
"cg02434554",-1.4887619834142
"cg02573134",2.36375403881277
"cg02707290",0.928795198773405
"cg02886263",-1.40851616043514
"cg03486974",0.192977648808582
"NA.5",NA
"cg04314652",-1.08592246827793
"cg04384112",-1.6390476946159
"cg04833379",0.417906137000715
"cg05085585",-1.55968278869484
"cg05822017",0.523836774918815
"cg05893701",2.09166236819449
"cg07506749",-0.257338605571489
"cg08160619",-0.526840749369617
"cg08441546",-1.82795028237575
"cg08578520",-1.9481366806637
"cg08604596",0.31736057178732
"cg08903381",-2.10946312222264
"cg08988951",-1.29578565326273
"cg09269891",1.96859762748171
"cg09363128",0.244221990868244
"cg09713758",0.140990174505943
"cg09906145",-0.249350665757567
"cg09970332",1.56684824103903
"cg10146880",0.892940595956763
"cg10298741",0.173983578196642
"cg10364862",0.322327203532949
"cg13574337",0.270607879927225
"cg14696348",-1.32006931073074
"cg16790239",-3.03745146507642
"cg19297232",-0.91097653611551
"cg20319926",-0.821908644713311
"cg26435198",-0.759121628313606
"cg27260684",-0.674204002745922
"cg00548911",-1.13519096529246
"cg00747922",1.43764860411833
"cg01409343",-0.832440036867555
"cg01750611",-2.28898046027194
"cg02376455",-3.52936064557876
"cg02483931",-0.498355207098464
"cg04449470",1.18823353785308
"cg04592811",1.81329646937285
"cg04911139",1.18737582030974
"cg05365385",-0.0756430702138388
"cg05600126",-0.479997067803722
"cg06234378",-0.314548718835968
"cg06857116",1.49946985457772
"cg06967127",-0.622577631286965
"cg07159758",0.0732115589779296
"cg07166159",1.81226907436004
"cg07876611",0.917633371445248
"cg08343834",1.02807900200794
"cg08351131",2.29402112228689
"cg08354053",-0.803024197261209
"cg08884928",-0.123995760022371
"cg09269848",-1.19951665714548
"cg09464990",-2.71197847471812
"cg09746992",-0.226674388087448
"cg09941770",-1.30120160837424
"cg11653176",-0.670889222737031
"cg12610859",0.884745754572106
"cg13379195",-0.104724962373024
"cg13973180",-0.0433221967465452
"cg15108890",0.226717298911139
"cg16936953",-1.99333316631726
"cg17996892",0.929869324027396
"cg18064468",-0.466279642781749
"cg18911972",-0.514447481955902
"cg19713980",1.55592085312372
"cg20935841",1.02410948327235
"cg21006837",1.69305056799759
"cg22194188",-1.13596710213334
"cg22697517",-0.753450414134149
"cg23016243",0.230698082662532
"cg23526824",2.50537269711381
"cg24402667",-2.05323196694574
"cg25032983",0.484220961630966
"cg26509269",0.1880662313798
"cg27323792",0.1429841952197
"cg03614916",-1.01909995733149
"cg06080874",-1.07775472816641
"cg06643882",0.679605475346485
"cg07490808",-0.515498295364614
"cg12907477",1.51811043660214
"cg18204321",-2.89654620334004
"cg21501358",-1.98146324027013
"cg24258439",2.44989739416003
"cg25543173",1.65482016754815
"cg01422017",1.56243486694822
"cg01594262",-0.826542624033919
"cg01865721",1.3496892312652
"cg02436098",-0.268486066328579
"cg02633817",-1.0233101962762
"cg06280512",0.105213865357935
"cg06914817",1.36693443519085
"cg10230673",-1.6420674040316
"cg11244091",1.27958919705938
"cg11335411",-1.48113088743048
"cg12442369",0.00269754734197242
"cg13950558",0.140251892560623
"cg14757492",-0.265782068083889
"cg15670863",0.482360589646257
"cg18092095",-0.254907686055444
"cg18581405",1.47688810614477
"cg20559657",-2.11183601033605
"cg21050637",1.26939897715887
"cg24926276",0.744683919615998
"cg25801292",-2.18416174432658
"cg26373179",-0.760820056257762
"cg26651782",-2.34369764249639
"cg27181295",0.450094672040604
"cg01086110",0.830078273086824
"cg03526160",0.907007085548947
"cg05658173",-0.765142023583257
"cg06041278",1.11865611007315
"cg08964435",2.16182322042289
"cg09868035",0.304135977706561
"cg11521797",-0.943738752851712
"cg12272160",-0.277702654180216
"cg14353508",-0.332755875073721
"cg17993657",1.14310842591013
"cg18685835",1.80770109400985
"cg18813881",0.194355054741339
"cg19222525",-0.0650447173109122
"cg19331215",0.633832621883717
"cg19391247",-1.11889083519055
"cg19655510",1.13211290906255
"cg20239391",-0.203234620006378
"cg20430841",0.0828275536657745
"cg21907993",0.547995163443828
"cg22021786",1.88800849324171
"cg23581541",-1.26508693808963
"cg24564503",2.38568696543357
"cg26396492",0.1825990416804
"cg26827893",-0.75002456850953
"cg11056129",-0.247570985946306
"cg13910377",-1.31220939121258
"cg15408497",-1.50162217630855
"cg18562714",0.387060693791604
"cg00850821",-2.31549015966221
"cg03097190",-0.209221864939816
"cg08548559",-1.12660612563257
"cg11801110",0.556655471471855
"cg14332918",0.618212756310472
"cg19853703",-2.54204489580616
"cg22847608",0.447491528823613
"cg23573129",1.14378376039733
"cg27528247",1.10830790779249
"cg27601574",0.941384786819458
"cg27648216",1.5726428670357
